label,image,row_1,row_2,row_3,row_4,card_owner,item-count,item-key
3 Shot,https://firebasestorage.googleapis.com/v0/b/playingcardsio.appspot.com/o/08e97934-3bb0-4690-bc29-bcef0dce2525.png?alt=media&token=5ce280b9-424e-4390-bccb-7a645bc9e886,,,,Give 3 shots,Modnar,2,type-5d26334c-8a68-4e82-a30b-4182c284bc6f
3 Shots,https://firebasestorage.googleapis.com/v0/b/playingcardsio.appspot.com/o/69c4e728-580f-448d-995a-e736c6b3f25e.png?alt=media&token=994cd4be-42be-490c-b524-f9f63ab6a836,,,,Take 3 shots,Modnar,2,type-2cdb06c6-f82a-4a64-831d-ea7dfc8b0c34
4 Shots,https://firebasestorage.googleapis.com/v0/b/playingcardsio.appspot.com/o/08e97934-3bb0-4690-bc29-bcef0dce2525.png?alt=media&token=5ce280b9-424e-4390-bccb-7a645bc9e886,,,,Give 4 shots,Modnar,3,type-6f0a9248-879c-4a94-9928-792c97873415
4 Shots,https://firebasestorage.googleapis.com/v0/b/playingcardsio.appspot.com/o/69c4e728-580f-448d-995a-e736c6b3f25e.png?alt=media&token=994cd4be-42be-490c-b524-f9f63ab6a836,,,,Take 4 shots,Modnar,3,type-f9e5f372-6d22-43be-813e-acf4494b0946
5 Shots,https://firebasestorage.googleapis.com/v0/b/playingcardsio.appspot.com/o/08e97934-3bb0-4690-bc29-bcef0dce2525.png?alt=media&token=5ce280b9-424e-4390-bccb-7a645bc9e886,,,,Give 5 shots,Modnar,0,type-4905e012-60b9-4013-b78d-13490fcdf2bf
5 Shots,https://firebasestorage.googleapis.com/v0/b/playingcardsio.appspot.com/o/69c4e728-580f-448d-995a-e736c6b3f25e.png?alt=media&token=994cd4be-42be-490c-b524-f9f63ab6a836,,,,Take 5 Shots,Modnar,0,type-d0b4374f-3372-4b7a-a570-ecf24e3a41eb
Question (kill),https://firebasestorage.googleapis.com/v0/b/playingcardsio.appspot.com/o/08e97934-3bb0-4690-bc29-bcef0dce2525.png?alt=media&token=5ce280b9-424e-4390-bccb-7a645bc9e886,,Who is most likely to kill a person? They take 5.,,,Modnar,0,type-5f1979ba-ad38-4ca9-a834-650569a6133a
All girls drink,https://firebasestorage.googleapis.com/v0/b/playingcardsio.appspot.com/o/69c4e728-580f-448d-995a-e736c6b3f25e.png?alt=media&token=994cd4be-42be-490c-b524-f9f63ab6a836,,,All girls drink,10 shots,Modnar,0,type-1c4672d1-25e3-461c-ba8e-3584087caa78
All guys drink,https://firebasestorage.googleapis.com/v0/b/playingcardsio.appspot.com/o/08e97934-3bb0-4690-bc29-bcef0dce2525.png?alt=media&token=5ce280b9-424e-4390-bccb-7a645bc9e886,,,All guys drink,10 shots,Modnar,0,type-af1fca14-c37f-450a-96d8-c4d9e90b1036
"Fuck, Marry, Kill",https://firebasestorage.googleapis.com/v0/b/playingcardsio.appspot.com/o/69c4e728-580f-448d-995a-e736c6b3f25e.png?alt=media&token=994cd4be-42be-490c-b524-f9f63ab6a836,,"Fuck, Marry, Kill, they all take 5.",,,Modnar,1,type-a39ca245-52b6-432b-b230-da565a19440f
Paint drawing,https://firebasestorage.googleapis.com/v0/b/playingcardsio.appspot.com/o/08e97934-3bb0-4690-bc29-bcef0dce2525.png?alt=media&token=5ce280b9-424e-4390-bccb-7a645bc9e886,,Draw a dick on paint or take 25 shots.,,,Modnar,1,type-5e6ce62b-7bf5-4d90-95a9-f2036d38d3a3
All girls vote (shots),https://firebasestorage.googleapis.com/v0/b/playingcardsio.appspot.com/o/69c4e728-580f-448d-995a-e736c6b3f25e.png?alt=media&token=994cd4be-42be-490c-b524-f9f63ab6a836,,All girls vote on who will take 20 shots.,,,Modnar,0,type-ffa367e1-9a9d-460b-8ae5-695bdf702e8c
All guys vote (shots),https://firebasestorage.googleapis.com/v0/b/playingcardsio.appspot.com/o/08e97934-3bb0-4690-bc29-bcef0dce2525.png?alt=media&token=5ce280b9-424e-4390-bccb-7a645bc9e886,,All guys vote on who will take 20 shots.,,,Modnar,0,type-daa5df01-fd86-44b7-a1e4-fe9d7ee62424
Share the 5th picture,https://firebasestorage.googleapis.com/v0/b/playingcardsio.appspot.com/o/69c4e728-580f-448d-995a-e736c6b3f25e.png?alt=media&token=994cd4be-42be-490c-b524-f9f63ab6a836,,Share the 5th picture on your phone or finish your drink.,,,Modnar,1,type-6eb7074b-e900-4633-8900-3ed73be0b38f
Pick someone to drink,https://firebasestorage.googleapis.com/v0/b/playingcardsio.appspot.com/o/08e97934-3bb0-4690-bc29-bcef0dce2525.png?alt=media&token=5ce280b9-424e-4390-bccb-7a645bc9e886,,Person who draws this card picks someone to drink 10.,,,Modnar,1,type-ea47d5a5-b167-4346-a5ab-41e5318d81e0
Meanest,https://firebasestorage.googleapis.com/v0/b/playingcardsio.appspot.com/o/69c4e728-580f-448d-995a-e736c6b3f25e.png?alt=media&token=994cd4be-42be-490c-b524-f9f63ab6a836,,Who is the meanest in here? They take 5.,,,Modnar,0,type-3479b472-a859-41c7-8f04-9d0cf2139cfe
Nicest,https://firebasestorage.googleapis.com/v0/b/playingcardsio.appspot.com/o/08e97934-3bb0-4690-bc29-bcef0dce2525.png?alt=media&token=5ce280b9-424e-4390-bccb-7a645bc9e886,,Who is the nicest person? They take 10.,,,Modnar,0,type-b65d7d4f-ef1b-45ca-a100-3ded47493303
7,https://firebasestorage.googleapis.com/v0/b/playingcardsio.appspot.com/o/69c4e728-580f-448d-995a-e736c6b3f25e.png?alt=media&token=994cd4be-42be-490c-b524-f9f63ab6a836,Take 10 shots if you screen cheated  Goldeneye 007 on the N64.,,,,Modnar,1,type-9cf47c9a-d576-4048-9e6e-df96f7bb807b
Asked a question (after you),https://firebasestorage.googleapis.com/v0/b/playingcardsio.appspot.com/o/08e97934-3bb0-4690-bc29-bcef0dce2525.png?alt=media&token=5ce280b9-424e-4390-bccb-7a645bc9e886,,The person after you can ask you any question or drink 5 shots.,,,Modnar,0,type-66257f36-94be-41b1-8b7d-e49e1ce93653
Asked a question (before you),https://firebasestorage.googleapis.com/v0/b/playingcardsio.appspot.com/o/69c4e728-580f-448d-995a-e736c6b3f25e.png?alt=media&token=994cd4be-42be-490c-b524-f9f63ab6a836,The person before you can ask you any question or drink 5 shots.,,,,Modnar,0,type-e76dc5c6-e814-4cad-8998-8b8ad17c0ce2
Imitate,https://firebasestorage.googleapis.com/v0/b/playingcardsio.appspot.com/o/08e97934-3bb0-4690-bc29-bcef0dce2525.png?alt=media&token=5ce280b9-424e-4390-bccb-7a645bc9e886,,Imitate another person. First one to guess picks someone to drink 10.,,,Modnar,1,type-84416d3e-9b58-4a29-8d2e-a6ca9155eb59
Name a color,https://firebasestorage.googleapis.com/v0/b/playingcardsio.appspot.com/o/69c4e728-580f-448d-995a-e736c6b3f25e.png?alt=media&token=994cd4be-42be-490c-b524-f9f63ab6a836,"Starting with you, take turns naming a different color. The person that repeats a color drinks.",,,,Modnar,0,type-9f48c49c-976d-4cb5-820c-5580c6633165
Indecisive,https://firebasestorage.googleapis.com/v0/b/playingcardsio.appspot.com/o/08e97934-3bb0-4690-bc29-bcef0dce2525.png?alt=media&token=5ce280b9-424e-4390-bccb-7a645bc9e886,Everyone votes on who is the most indecisive. That person picks someone to drink.,,,,Modnar,0,type-18286fb6-8244-4349-bb23-7e3523191722
Biggest Alcoholic,https://firebasestorage.googleapis.com/v0/b/playingcardsio.appspot.com/o/69c4e728-580f-448d-995a-e736c6b3f25e.png?alt=media&token=994cd4be-42be-490c-b524-f9f63ab6a836,Everyone votes on who is the biggest alcoholic. That person drinks.,,,,Modnar,0,type-f025eb17-6f7f-42ef-a633-c52a6410f2f6
Dodge this,https://firebasestorage.googleapis.com/v0/b/playingcardsio.appspot.com/o/08e97934-3bb0-4690-bc29-bcef0dce2525.png?alt=media&token=5ce280b9-424e-4390-bccb-7a645bc9e886,Everyone votes on who is the most likely to dodge drinks. That person drinks.,,,,Modnar,0,type-a80d44a9-750f-4711-a8b5-c6aff00192e7
Single,https://firebasestorage.googleapis.com/v0/b/playingcardsio.appspot.com/o/69c4e728-580f-448d-995a-e736c6b3f25e.png?alt=media&token=994cd4be-42be-490c-b524-f9f63ab6a836,,,Everyone who's single drinks 5,,Modnar,1,type-2c195118-e22f-4c7c-95ce-8257f62d5944
Relation,https://firebasestorage.googleapis.com/v0/b/playingcardsio.appspot.com/o/08e97934-3bb0-4690-bc29-bcef0dce2525.png?alt=media&token=5ce280b9-424e-4390-bccb-7a645bc9e886,,,Everyone who's in a relationship drinks 5,,Modnar,1,type-a77fb58e-b745-486f-a31a-c7e9ff8076ff
Loser,https://firebasestorage.googleapis.com/v0/b/playingcardsio.appspot.com/o/69c4e728-580f-448d-995a-e736c6b3f25e.png?alt=media&token=994cd4be-42be-490c-b524-f9f63ab6a836,,,,You drink 5,Modnar,1,type-e816850a-4e2e-40f0-80ad-edbf32ebbaf3
Lucky,https://firebasestorage.googleapis.com/v0/b/playingcardsio.appspot.com/o/08e97934-3bb0-4690-bc29-bcef0dce2525.png?alt=media&token=5ce280b9-424e-4390-bccb-7a645bc9e886,,,Everyone but you drinks 5,,Modnar,1,type-a0676577-bd36-43a3-ad14-7fcd197b2231
Waterfall,https://firebasestorage.googleapis.com/v0/b/playingcardsio.appspot.com/o/69c4e728-580f-448d-995a-e736c6b3f25e.png?alt=media&token=994cd4be-42be-490c-b524-f9f63ab6a836,,,You decide when you and everyone stops drinking,,Modnar,1,type-3e773b66-975d-4af2-904f-4d0fd7186c8c
Buddy,https://firebasestorage.googleapis.com/v0/b/playingcardsio.appspot.com/o/08e97934-3bb0-4690-bc29-bcef0dce2525.png?alt=media&token=5ce280b9-424e-4390-bccb-7a645bc9e886,,,Pick a buddy and drink 5 with them,,Modnar,1,type-2c2b0e05-3329-4f97-85a0-98eaa6733ba4
Host,https://firebasestorage.googleapis.com/v0/b/playingcardsio.appspot.com/o/69c4e728-580f-448d-995a-e736c6b3f25e.png?alt=media&token=994cd4be-42be-490c-b524-f9f63ab6a836,,,Host has to drink 5,,Modnar,1,type-5b3b266d-5c98-48ce-9d3a-de622f119830
Boom,https://firebasestorage.googleapis.com/v0/b/playingcardsio.appspot.com/o/08e97934-3bb0-4690-bc29-bcef0dce2525.png?alt=media&token=5ce280b9-424e-4390-bccb-7a645bc9e886,,,"BOOM! IED took your legs, finish half your drink!",,Modnar,1,type-50a243a6-ec86-4abb-81bc-bb25ebd3e244
Chemical Attack,https://firebasestorage.googleapis.com/v0/b/playingcardsio.appspot.com/o/69c4e728-580f-448d-995a-e736c6b3f25e.png?alt=media&token=994cd4be-42be-490c-b524-f9f63ab6a836,,,Chemical Attack! Take a big gulp of your drink.,,Modnar,0,type-1ca24e05-e149-4b30-94cc-8ee0077f9212
Reload,https://firebasestorage.googleapis.com/v0/b/playingcardsio.appspot.com/o/08e97934-3bb0-4690-bc29-bcef0dce2525.png?alt=media&token=5ce280b9-424e-4390-bccb-7a645bc9e886,,,Reload! Finish your drink and take one more shot!,,Modnar,1,type-55e0be6c-6270-421d-b508-890c2651eead
Machine gun,https://firebasestorage.googleapis.com/v0/b/playingcardsio.appspot.com/o/69c4e728-580f-448d-995a-e736c6b3f25e.png?alt=media&token=994cd4be-42be-490c-b524-f9f63ab6a836,,,Machine gun give 30 shots!,,Modnar,1,type-13d64a94-8474-4a2b-9904-91fd6cf06aff
Air Strike,https://firebasestorage.googleapis.com/v0/b/playingcardsio.appspot.com/o/08e97934-3bb0-4690-bc29-bcef0dce2525.png?alt=media&token=5ce280b9-424e-4390-bccb-7a645bc9e886,Air Strike haha you're family got blown up. Drink for every member in your immediate family.,,,,Modnar,1,type-562bbef6-b4f4-421c-80e4-03937150e441
Napalm,https://firebasestorage.googleapis.com/v0/b/playingcardsio.appspot.com/o/69c4e728-580f-448d-995a-e736c6b3f25e.png?alt=media&token=994cd4be-42be-490c-b524-f9f63ab6a836,"Napalm Strike if you have something spicy, take a sip of it and take 5 shots to wash it down! If not, take 15.",,,,Modnar,1,type-eefcfbe1-b96b-4bbe-a78c-a5fa115060f2
Amphibious assault,https://firebasestorage.googleapis.com/v0/b/playingcardsio.appspot.com/o/08e97934-3bb0-4690-bc29-bcef0dce2525.png?alt=media&token=5ce280b9-424e-4390-bccb-7a645bc9e886,,Amphibious assault...Make someone take a water shot.,,,Modnar,1,type-4d5fa73d-be6b-496f-9d81-47a1c0f6c810
Compound Raid,https://firebasestorage.googleapis.com/v0/b/playingcardsio.appspot.com/o/69c4e728-580f-448d-995a-e736c6b3f25e.png?alt=media&token=994cd4be-42be-490c-b524-f9f63ab6a836,,Compound Raid Shoot 3 players with 5 shots each!,,,Modnar,1,type-f839f640-ef46-46f3-84e5-46361cc3463d
FRAG OUT!,https://firebasestorage.googleapis.com/v0/b/playingcardsio.appspot.com/o/08e97934-3bb0-4690-bc29-bcef0dce2525.png?alt=media&token=5ce280b9-424e-4390-bccb-7a645bc9e886,,FRAG OUT! Blow up two players with 10 shots each!,,,Modnar,1,type-695a78c1-6ce9-468e-8c93-9d84c7751645
Execution!,https://firebasestorage.googleapis.com/v0/b/playingcardsio.appspot.com/o/69c4e728-580f-448d-995a-e736c6b3f25e.png?alt=media&token=994cd4be-42be-490c-b524-f9f63ab6a836,,,Execution! Give 25 shots to one player!,,Modnar,1,type-fdd08953-0114-423c-be1f-c47ad1f7682e
Political Assassination,https://firebasestorage.googleapis.com/v0/b/playingcardsio.appspot.com/o/08e97934-3bb0-4690-bc29-bcef0dce2525.png?alt=media&token=5ce280b9-424e-4390-bccb-7a645bc9e886,,Political Assassination.  One Straight shot to one player!,,,Modnar,1,type-0aff0ece-2809-472c-9d70-a63329448100
Kamikaze!,https://firebasestorage.googleapis.com/v0/b/playingcardsio.appspot.com/o/69c4e728-580f-448d-995a-e736c6b3f25e.png?alt=media&token=994cd4be-42be-490c-b524-f9f63ab6a836,,Kamikaze!  You take 10 shots and one other player you choose take 10!,,,Modnar,1,type-06cc86d4-94bf-4979-8976-199410a35a00
Land Mine,https://firebasestorage.googleapis.com/v0/b/playingcardsio.appspot.com/o/08e97934-3bb0-4690-bc29-bcef0dce2525.png?alt=media&token=5ce280b9-424e-4390-bccb-7a645bc9e886,,You ended up in a minefield!  Will you die?  Roll the dice!,,,Modnar,1,type-e51e430d-51cb-4ae5-b492-3700b32975ea
Tactical Nuke,https://firebasestorage.googleapis.com/v0/b/playingcardsio.appspot.com/o/69c4e728-580f-448d-995a-e736c6b3f25e.png?alt=media&token=994cd4be-42be-490c-b524-f9f63ab6a836,,Tactical Nuke! Finish your drink you pile of ash.,,,Modnar,1,type-bfa9b1c2-42cb-4932-9e4b-b5d817037e57
Ur cute,https://firebasestorage.googleapis.com/v0/b/playingcardsio.appspot.com/o/08e97934-3bb0-4690-bc29-bcef0dce2525.png?alt=media&token=5ce280b9-424e-4390-bccb-7a645bc9e886,,,Ur cute ðŸ˜Š,Get some water,Modnar,1,type-16e2469c-8525-428c-97ae-48672eca2a74
War Crime Time!,https://firebasestorage.googleapis.com/v0/b/playingcardsio.appspot.com/o/69c4e728-580f-448d-995a-e736c6b3f25e.png?alt=media&token=994cd4be-42be-490c-b524-f9f63ab6a836,,War Crime Time! Everyone is a winner and takes 15 shots!,,,Modnar,1,type-e3ec7268-780c-4a02-a32a-a1ba8d4bb656
Ethnic Cleansing,https://firebasestorage.googleapis.com/v0/b/playingcardsio.appspot.com/o/08e97934-3bb0-4690-bc29-bcef0dce2525.png?alt=media&token=5ce280b9-424e-4390-bccb-7a645bc9e886,,Ethnic Cleansing. Target a group of people and make them take 20.,,,Modnar,1,type-126e7b1e-e41c-4390-b89b-2c43eed165bd
Question (give up alcohol),https://firebasestorage.googleapis.com/v0/b/playingcardsio.appspot.com/o/69c4e728-580f-448d-995a-e736c6b3f25e.png?alt=media&token=994cd4be-42be-490c-b524-f9f63ab6a836,,Who in here is most likely to give up alcohol? Remind them to take 10.,,,Modnar,0,type-5ed14c86-9591-4223-869c-a4718ce3c18e
Fortnite,https://firebasestorage.googleapis.com/v0/b/playingcardsio.appspot.com/o/08e97934-3bb0-4690-bc29-bcef0dce2525.png?alt=media&token=5ce280b9-424e-4390-bccb-7a645bc9e886,,OMG is that from Fortnite. STFU down your drink.,,,Modnar,1,type-f9d3ce2a-759a-459d-9f56-09387a61bdc8
Broke in,https://firebasestorage.googleapis.com/v0/b/playingcardsio.appspot.com/o/69c4e728-580f-448d-995a-e736c6b3f25e.png?alt=media&token=994cd4be-42be-490c-b524-f9f63ab6a836,,You broke into Modnar's house. You hear the rack of a shotgun. Take 12,,,Modnar,1,type-cbb0f29b-5406-4247-8ebf-344cbd8a7409
Guns,https://firebasestorage.googleapis.com/v0/b/playingcardsio.appspot.com/o/08e97934-3bb0-4690-bc29-bcef0dce2525.png?alt=media&token=5ce280b9-424e-4390-bccb-7a645bc9e886,Take turns naming a different gun. The person who canâ€™t think of a new one takes 20!,,,,Modnar,1,type-ff0eac74-45dd-457c-bc7c-851dcd737b17
Bayonet,https://firebasestorage.googleapis.com/v0/b/playingcardsio.appspot.com/o/69c4e728-580f-448d-995a-e736c6b3f25e.png?alt=media&token=994cd4be-42be-490c-b524-f9f63ab6a836,,Modnar just bayonet charged the FUCK out of you. Take 10!,,,Modnar,1,type-5ff9f145-d9a5-4205-81ef-34467aaa4f30
Claymore,https://firebasestorage.googleapis.com/v0/b/playingcardsio.appspot.com/o/08e97934-3bb0-4690-bc29-bcef0dce2525.png?alt=media&token=5ce280b9-424e-4390-bccb-7a645bc9e886,,,,Oh shit! claymo- Take 18!,Modnar,1,type-13815238-5eec-4f6b-8d3f-2f183597bb5a
Ammooooo,https://firebasestorage.googleapis.com/v0/b/playingcardsio.appspot.com/o/69c4e728-580f-448d-995a-e736c6b3f25e.png?alt=media&token=994cd4be-42be-490c-b524-f9f63ab6a836,,Praise the Lord and pass the ammunition! Give 10 shots!,,,Modnar,1,type-8af0ade4-c56c-4b44-85c3-bdf52fde13ce
Booby,https://firebasestorage.googleapis.com/v0/b/playingcardsio.appspot.com/o/08e97934-3bb0-4690-bc29-bcef0dce2525.png?alt=media&token=5ce280b9-424e-4390-bccb-7a645bc9e886,,,You just tripped a booby trap! Take 10.,,Modnar,1,type-fe99715e-13b4-4720-a373-f2d7074ef854
Grave,https://firebasestorage.googleapis.com/v0/b/playingcardsio.appspot.com/o/69c4e728-580f-448d-995a-e736c6b3f25e.png?alt=media&token=994cd4be-42be-490c-b524-f9f63ab6a836,,You just found a mass grave site in Syria. Take 20!,,,Modnar,1,type-cf4ff8f0-b5d1-4b0e-a9ad-ba021824507b
Roulette,https://firebasestorage.googleapis.com/v0/b/playingcardsio.appspot.com/o/08e97934-3bb0-4690-bc29-bcef0dce2525.png?alt=media&token=5ce280b9-424e-4390-bccb-7a645bc9e886,,You are being forced to play Russian Roulette by Modnar. Roll the dice.,,,Modnar,1,type-69762bca-acd2-4102-a8b1-7bcacb89a879
DOOM,https://firebasestorage.googleapis.com/v0/b/playingcardsio.appspot.com/o/69c4e728-580f-448d-995a-e736c6b3f25e.png?alt=media&token=994cd4be-42be-490c-b524-f9f63ab6a836,,The DOOM music just kicked in and everyone takes 15!,,,Modnar,1,type-55704cec-74c9-4e87-a8b7-2c6a753d0b11
AA,https://firebasestorage.googleapis.com/v0/b/playingcardsio.appspot.com/o/08e97934-3bb0-4690-bc29-bcef0dce2525.png?alt=media&token=5ce280b9-424e-4390-bccb-7a645bc9e886,,A civilian plane is in radius of your AA! Give 30 shots!,,,Modnar,1,type-1246b2d6-6b9f-4023-9ea5-39127bad729a
Victim,https://firebasestorage.googleapis.com/v0/b/playingcardsio.appspot.com/o/69c4e728-580f-448d-995a-e736c6b3f25e.png?alt=media&token=994cd4be-42be-490c-b524-f9f63ab6a836,,You are the victim of close air support! Take 20!,,,Modnar,1,type-9b72de67-7dae-4752-a6ff-f1aa85e4ed1f
Fight,https://firebasestorage.googleapis.com/v0/b/playingcardsio.appspot.com/o/08e97934-3bb0-4690-bc29-bcef0dce2525.png?alt=media&token=5ce280b9-424e-4390-bccb-7a645bc9e886,,Battle Buddies fight together.  You and a friend take 10!,,,Modnar,1,type-0fe0967d-917b-4c45-b479-f25a20b97a11
W9,https://firebasestorage.googleapis.com/v0/b/playingcardsio.appspot.com/o/69c4e728-580f-448d-995a-e736c6b3f25e.png?alt=media&token=994cd4be-42be-490c-b524-f9f63ab6a836,,You are the victim of a W9 experiment.  Roll the die!,,,Modnar,1,type-ee48a580-9051-4d40-8e4e-dfba6794ab90
Bomb,https://firebasestorage.googleapis.com/v0/b/playingcardsio.appspot.com/o/08e97934-3bb0-4690-bc29-bcef0dce2525.png?alt=media&token=5ce280b9-424e-4390-bccb-7a645bc9e886,,,You bomb a innocent village for clout!  Give 15!,,Modnar,1,type-71378347-2bc9-4bf6-8137-ee8c4dfc59fb
Hostage,https://firebasestorage.googleapis.com/v0/b/playingcardsio.appspot.com/o/69c4e728-580f-448d-995a-e736c6b3f25e.png?alt=media&token=994cd4be-42be-490c-b524-f9f63ab6a836,You take hostages for ransom.  Give or take 15 to set them free or kill their dumbasses!,,,,Modnar,1,type-6b711562-0421-45a1-911a-473271f9d7b5
Gift,https://firebasestorage.googleapis.com/v0/b/playingcardsio.appspot.com/o/08e97934-3bb0-4690-bc29-bcef0dce2525.png?alt=media&token=5ce280b9-424e-4390-bccb-7a645bc9e886,,,War crimes is the gift of giving! Give 30!,,Modnar,1,type-751b489f-499f-4254-b87b-a1d637f81415
Squad,https://firebasestorage.googleapis.com/v0/b/playingcardsio.appspot.com/o/69c4e728-580f-448d-995a-e736c6b3f25e.png?alt=media&token=994cd4be-42be-490c-b524-f9f63ab6a836,You found a squad mate. For the rest of the game your pucks are shared.,,,,Modnar,1,type-15b69285-0149-4148-9ff4-ecd24b79c1d9
Quick scoped,https://firebasestorage.googleapis.com/v0/b/playingcardsio.appspot.com/o/08e97934-3bb0-4690-bc29-bcef0dce2525.png?alt=media&token=5ce280b9-424e-4390-bccb-7a645bc9e886,,You got quick scoped IRL somehow. Wow take 5,,,Modnar,1,type-9fd0c75f-47e9-4400-9b02-1b5a364b1b7b
Wounded,https://firebasestorage.googleapis.com/v0/b/playingcardsio.appspot.com/o/69c4e728-580f-448d-995a-e736c6b3f25e.png?alt=media&token=994cd4be-42be-490c-b524-f9f63ab6a836,,You've been wounded!  Take 10 to make the pain go away.,,,Modnar,1,type-e920126f-f79e-44cc-b573-195b7f0a13d6
Drone,https://firebasestorage.googleapis.com/v0/b/playingcardsio.appspot.com/o/08e97934-3bb0-4690-bc29-bcef0dce2525.png?alt=media&token=5ce280b9-424e-4390-bccb-7a645bc9e886,A drone just dropped a grenade on your position! You and 2 others take 10.,,,,Modnar,1,type-7ff065f8-8084-4c6e-9d37-c142afedf796
Tank,https://firebasestorage.googleapis.com/v0/b/playingcardsio.appspot.com/o/69c4e728-580f-448d-995a-e736c6b3f25e.png?alt=media&token=994cd4be-42be-490c-b524-f9f63ab6a836,,,Tank support has arrived! Give 3 big gulps!,,Modnar,1,type-c7fe10bc-13c7-43f6-bddd-ff07c33ed52f
Friendly,https://firebasestorage.googleapis.com/v0/b/playingcardsio.appspot.com/o/08e97934-3bb0-4690-bc29-bcef0dce2525.png?alt=media&token=5ce280b9-424e-4390-bccb-7a645bc9e886,,There is nothing friendly about friendly fire.  Give 20.,,,Modnar,1,type-40f70f7d-5a1f-4449-beaf-2962619575a4
BIIIIIIIIIIIIIITCH,https://firebasestorage.googleapis.com/v0/b/playingcardsio.appspot.com/o/69c4e728-580f-448d-995a-e736c6b3f25e.png?alt=media&token=994cd4be-42be-490c-b524-f9f63ab6a836,Modnar just hit you up on long range radio.  He says take 20... BIIIIIIIIIIIIIITCH,,,,Modnar,1,type-0997441c-bfb1-4d80-a695-be79b39c3511
Lost your rifle,https://firebasestorage.googleapis.com/v0/b/playingcardsio.appspot.com/o/08e97934-3bb0-4690-bc29-bcef0dce2525.png?alt=media&token=5ce280b9-424e-4390-bccb-7a645bc9e886,,,You lost your rifle.  Everyone drinks except you.,,Modnar,1,type-c067ece3-7351-44bb-922e-053ebe11a056
Waterboarding,https://firebasestorage.googleapis.com/v0/b/playingcardsio.appspot.com/o/69c4e728-580f-448d-995a-e736c6b3f25e.png?alt=media&token=994cd4be-42be-490c-b524-f9f63ab6a836,,Waterboarding isn't fun for the victim.  Take a water shot.,,,Modnar,1,type-e11f0144-6ee7-4eed-a109-a232345df3f9
Biological Agent,https://firebasestorage.googleapis.com/v0/b/playingcardsio.appspot.com/o/08e97934-3bb0-4690-bc29-bcef0dce2525.png?alt=media&token=5ce280b9-424e-4390-bccb-7a645bc9e886,A Biological Agent has entered your system!  Alcohol is the cure! Take 5!,,,,Modnar,1,type-c7b8338f-6375-4c9e-9aaa-0d4bb1375358
Flying Chair,https://firebasestorage.googleapis.com/v0/b/playingcardsio.appspot.com/o/69c4e728-580f-448d-995a-e736c6b3f25e.png?alt=media&token=994cd4be-42be-490c-b524-f9f63ab6a836,,,Modnar just threw a chair for the funny. Take 10.,,Modnar,1,type-ada47ba5-31af-42c4-a72c-f6701118b4ad
Set a bomb,https://firebasestorage.googleapis.com/v0/b/playingcardsio.appspot.com/o/08e97934-3bb0-4690-bc29-bcef0dce2525.png?alt=media&token=5ce280b9-424e-4390-bccb-7a645bc9e886,"Modnar finally snapped and set off a bomb in your countries capital, finish your drink",,,,Modnar,1,type-0db90f5d-395b-4e4f-90e2-2b0da65bcefc
Slapped,https://firebasestorage.googleapis.com/v0/b/playingcardsio.appspot.com/o/69c4e728-580f-448d-995a-e736c6b3f25e.png?alt=media&token=994cd4be-42be-490c-b524-f9f63ab6a836,"YOU MOTHERFUCKER, you tried to take Mod's guns away and got slapped like a bitch, take 30",,,,Modnar,1,type-ec987bbe-a533-4d5d-adf6-63528e7ceae7
Roll b-tch,https://firebasestorage.googleapis.com/v0/b/playingcardsio.appspot.com/o/08e97934-3bb0-4690-bc29-bcef0dce2525.png?alt=media&token=5ce280b9-424e-4390-bccb-7a645bc9e886,"If there was a time to be scared, it is when Mod gives you a dirty pint.  Roll Bitch.",,,,Modnar,1,type-63626099-33c8-47c8-be7f-f464b275ec77
Foot,https://firebasestorage.googleapis.com/v0/b/playingcardsio.appspot.com/o/69c4e728-580f-448d-995a-e736c6b3f25e.png?alt=media&token=994cd4be-42be-490c-b524-f9f63ab6a836,,"Your foot got caught under the tank treads, take 10",,,Modnar,1,type-3ccb0bb0-5a09-4e11-af69-2b076509768a
IED,https://firebasestorage.googleapis.com/v0/b/playingcardsio.appspot.com/o/08e97934-3bb0-4690-bc29-bcef0dce2525.png?alt=media&token=5ce280b9-424e-4390-bccb-7a645bc9e886,,"You just planted an IED to fuck up someone's day, give 30",,,Modnar,1,type-196b501a-e1be-4c8b-bea7-2f60e0940a9b
Rhymes,https://firebasestorage.googleapis.com/v0/b/playingcardsio.appspot.com/o/69c4e728-580f-448d-995a-e736c6b3f25e.png?alt=media&token=994cd4be-42be-490c-b524-f9f63ab6a836,,,"Modnar rhymes with Godnar, take 10",,Modnar,1,type-0e41c804-d901-48e3-8e0f-f2eb4f18ec7c
Council,https://firebasestorage.googleapis.com/v0/b/playingcardsio.appspot.com/o/08e97934-3bb0-4690-bc29-bcef0dce2525.png?alt=media&token=5ce280b9-424e-4390-bccb-7a645bc9e886,,"The Council of Alcoholics decides your fate, they give 20",,,Modnar,1,type-a2ae5646-a7f4-4c7a-a496-756b0ad05baa
B-tch,https://firebasestorage.googleapis.com/v0/b/playingcardsio.appspot.com/o/69c4e728-580f-448d-995a-e736c6b3f25e.png?alt=media&token=994cd4be-42be-490c-b524-f9f63ab6a836,"If there was a time to be scared, it is when Mod gives you a dirty pint.  Roll the die, Bitch",,,,Modnar,1,type-af80f5ac-7bdd-4fe7-8234-58451c8f6a2e
Tired,https://firebasestorage.googleapis.com/v0/b/playingcardsio.appspot.com/o/08e97934-3bb0-4690-bc29-bcef0dce2525.png?alt=media&token=5ce280b9-424e-4390-bccb-7a645bc9e886,"Modnar got tired of your shit, and decided you need to die. finish your drink",,,,Modnar,1,type-10f95deb-202a-4acc-a7f4-7a6ff646f477
Worship,https://firebasestorage.googleapis.com/v0/b/playingcardsio.appspot.com/o/69c4e728-580f-448d-995a-e736c6b3f25e.png?alt=media&token=994cd4be-42be-490c-b524-f9f63ab6a836,,You just completed a kinetic strike on a place of worship! Give 25,,,Modnar,1,type-23b3bda6-ff57-41a3-8c01-0638f40f417b
Quarter,https://firebasestorage.googleapis.com/v0/b/playingcardsio.appspot.com/o/08e97934-3bb0-4690-bc29-bcef0dce2525.png?alt=media&token=5ce280b9-424e-4390-bccb-7a645bc9e886,,NO QUARTER SHALL BE GIVEN!  All players will drink 15,,,Modnar,1,type-cacfd622-63dd-4465-807e-72e4f6ac1eec
Three war crimes,https://firebasestorage.googleapis.com/v0/b/playingcardsio.appspot.com/o/69c4e728-580f-448d-995a-e736c6b3f25e.png?alt=media&token=994cd4be-42be-490c-b524-f9f63ab6a836,,,Name three war crimes or roll the die!,,Modnar,1,type-68bda81b-3513-46e8-ac2c-865c4d714d40
Electric,https://firebasestorage.googleapis.com/v0/b/playingcardsio.appspot.com/o/08e97934-3bb0-4690-bc29-bcef0dce2525.png?alt=media&token=5ce280b9-424e-4390-bccb-7a645bc9e886,"Electric Shock Torture!  You give a player 15 shots, and the players next to them must also drink 15",,,,Modnar,1,type-8fc3c9c8-1762-4a46-a1fb-c5431d86ecaa
Clown,https://firebasestorage.googleapis.com/v0/b/playingcardsio.appspot.com/o/08e97934-3bb0-4690-bc29-bcef0dce2525.png?alt=media&token=5ce280b9-424e-4390-bccb-7a645bc9e886,"Drown the Clown, choose another player. Do a count down and shout ""clown"". Last player to has to drink",,,,Bday,1,type-a22cc71d-57d6-4894-b8f0-6d6559abcfd0
Twat,https://firebasestorage.googleapis.com/v0/b/playingcardsio.appspot.com/o/69c4e728-580f-448d-995a-e736c6b3f25e.png?alt=media&token=994cd4be-42be-490c-b524-f9f63ab6a836,,You're a twat. You forgot a birthday present. Down your drink,,,Bday,1,type-28fe42e0-e018-44f1-b71d-d473f14a4628
Bday giving,https://firebasestorage.googleapis.com/v0/b/playingcardsio.appspot.com/o/08e97934-3bb0-4690-bc29-bcef0dce2525.png?alt=media&token=5ce280b9-424e-4390-bccb-7a645bc9e886,,,Bday person / Host gives 10 shots,,Bday,1,type-0dfe74ec-af8c-4d14-9571-d8e94258cc5f
Bday taking,https://firebasestorage.googleapis.com/v0/b/playingcardsio.appspot.com/o/69c4e728-580f-448d-995a-e736c6b3f25e.png?alt=media&token=994cd4be-42be-490c-b524-f9f63ab6a836,,,Bday person / Hosttakes 10 shots,,Bday,1,type-8e01c454-354d-42e7-9c1b-015c611ea267
Guys,https://firebasestorage.googleapis.com/v0/b/playingcardsio.appspot.com/o/08e97934-3bb0-4690-bc29-bcef0dce2525.png?alt=media&token=5ce280b9-424e-4390-bccb-7a645bc9e886,,,,All guys drink 10 shots,Bday,1,type-6f1734c7-3985-401c-8b13-b4c780fb28d3
Girls,https://firebasestorage.googleapis.com/v0/b/playingcardsio.appspot.com/o/69c4e728-580f-448d-995a-e736c6b3f25e.png?alt=media&token=994cd4be-42be-490c-b524-f9f63ab6a836,,,,All girls drink 10 shots,Bday,1,type-5f6f6cf4-1854-49d2-9383-2e1b685ca8ec
Eveyone but you,https://firebasestorage.googleapis.com/v0/b/playingcardsio.appspot.com/o/08e97934-3bb0-4690-bc29-bcef0dce2525.png?alt=media&token=5ce280b9-424e-4390-bccb-7a645bc9e886,,,,Everyone but you drinks 5 shots,Bday,1,type-68d575f9-02ce-4da9-ac37-dfdb883109b4
You lose,https://firebasestorage.googleapis.com/v0/b/playingcardsio.appspot.com/o/69c4e728-580f-448d-995a-e736c6b3f25e.png?alt=media&token=994cd4be-42be-490c-b524-f9f63ab6a836,,,,You drink 20 shots,Bday,1,type-56669794-e1a8-44e3-b25e-f68ea621fb5c
Host,https://firebasestorage.googleapis.com/v0/b/playingcardsio.appspot.com/o/08e97934-3bb0-4690-bc29-bcef0dce2525.png?alt=media&token=5ce280b9-424e-4390-bccb-7a645bc9e886,,,Host has to take 10 shots,,Bday,1,type-70ac9211-e7f1-4dbb-a8e4-b685f5d6456e
Take 5,https://firebasestorage.googleapis.com/v0/b/playingcardsio.appspot.com/o/69c4e728-580f-448d-995a-e736c6b3f25e.png?alt=media&token=994cd4be-42be-490c-b524-f9f63ab6a836,,,,Take 5,Bday,2,type-502eea3e-e394-4d02-bf84-e0b514614bfc
Give 5,https://firebasestorage.googleapis.com/v0/b/playingcardsio.appspot.com/o/08e97934-3bb0-4690-bc29-bcef0dce2525.png?alt=media&token=5ce280b9-424e-4390-bccb-7a645bc9e886,,,,Give 5,Bday,2,type-efd438c4-c984-490f-be13-a6006e30d5b9
Take 10,https://firebasestorage.googleapis.com/v0/b/playingcardsio.appspot.com/o/69c4e728-580f-448d-995a-e736c6b3f25e.png?alt=media&token=994cd4be-42be-490c-b524-f9f63ab6a836,,,,Take 10,Bday,2,type-be5c34fe-9a51-4c1c-96e2-e322e6fb4d0d
Give 10,https://firebasestorage.googleapis.com/v0/b/playingcardsio.appspot.com/o/08e97934-3bb0-4690-bc29-bcef0dce2525.png?alt=media&token=5ce280b9-424e-4390-bccb-7a645bc9e886,,,,Give 10,Bday,2,type-502e2cbb-ceb5-4d07-aa91-d91cfdfe4cd9
Give 15,https://firebasestorage.googleapis.com/v0/b/playingcardsio.appspot.com/o/08e97934-3bb0-4690-bc29-bcef0dce2525.png?alt=media&token=5ce280b9-424e-4390-bccb-7a645bc9e886,,,,Give 15,Bday,2,type-8d814cfe-c12b-4237-aac9-2c17f68d0f46
Take 15,https://firebasestorage.googleapis.com/v0/b/playingcardsio.appspot.com/o/69c4e728-580f-448d-995a-e736c6b3f25e.png?alt=media&token=994cd4be-42be-490c-b524-f9f63ab6a836,,,,Take 15,Bday,2,type-a955a6d0-f90a-4e96-85bc-3f59d694fa50
Give 20,https://firebasestorage.googleapis.com/v0/b/playingcardsio.appspot.com/o/08e97934-3bb0-4690-bc29-bcef0dce2525.png?alt=media&token=5ce280b9-424e-4390-bccb-7a645bc9e886,,,,Give 20,Bday,3,type-7cc68a0e-b9d8-4069-b580-8ce8cd30cc59
Take 20,https://firebasestorage.googleapis.com/v0/b/playingcardsio.appspot.com/o/69c4e728-580f-448d-995a-e736c6b3f25e.png?alt=media&token=994cd4be-42be-490c-b524-f9f63ab6a836,,,,Take 20,Bday,3,type-bcfdc3ea-fcfb-430a-b706-cba81bfa87b9
Rude,https://firebasestorage.googleapis.com/v0/b/playingcardsio.appspot.com/o/69c4e728-580f-448d-995a-e736c6b3f25e.png?alt=media&token=994cd4be-42be-490c-b524-f9f63ab6a836,,,You opened a birthday present?! take 10 shots,,Bday,1,type-ed087260-651c-49a1-bbb9-4bdedcf75707
Congrats,https://firebasestorage.googleapis.com/v0/b/playingcardsio.appspot.com/o/08e97934-3bb0-4690-bc29-bcef0dce2525.png?alt=media&token=5ce280b9-424e-4390-bccb-7a645bc9e886,,,"Congrats, you gave a proper present give 15 shots",,Bday,1,type-b12e3324-8a9b-4650-b9c4-da6c13e9b933
Age,https://firebasestorage.googleapis.com/v0/b/playingcardsio.appspot.com/o/69c4e728-580f-448d-995a-e736c6b3f25e.png?alt=media&token=994cd4be-42be-490c-b524-f9f63ab6a836,,"How old did the bday person get, take that amount of shots",,,Bday,1,type-eae815a4-2135-4393-b512-387015a72b5d
Wish,https://firebasestorage.googleapis.com/v0/b/playingcardsio.appspot.com/o/08e97934-3bb0-4690-bc29-bcef0dce2525.png?alt=media&token=5ce280b9-424e-4390-bccb-7a645bc9e886,Birthday wish came true. Deal your shots birthday person. Each person has to take 5,,,,Bday,1,type-4175d739-5df4-4b94-aefb-56af6754f2d9
Bet,https://firebasestorage.googleapis.com/v0/b/playingcardsio.appspot.com/o/69c4e728-580f-448d-995a-e736c6b3f25e.png?alt=media&token=994cd4be-42be-490c-b524-f9f63ab6a836,,"Oh no, you lost a bet and now you have to drink a dirty pint",,,Bday,2,type-b4239bdc-96bb-43ea-bdbd-a91be9fc9db4
Buddy,https://firebasestorage.googleapis.com/v0/b/playingcardsio.appspot.com/o/08e97934-3bb0-4690-bc29-bcef0dce2525.png?alt=media&token=5ce280b9-424e-4390-bccb-7a645bc9e886,,,Pick a buddy and drink with them,,Bday,1,type-dd9f90f7-58d5-4847-bbe9-de14eb6df88d
Complained,https://firebasestorage.googleapis.com/v0/b/playingcardsio.appspot.com/o/69c4e728-580f-448d-995a-e736c6b3f25e.png?alt=media&token=994cd4be-42be-490c-b524-f9f63ab6a836,,"Neighbours complained about the music, take 5 shots.",,,Bday,1,type-d63b064f-12ca-4e4d-8784-110fad44ff12
Happy Birthday,https://firebasestorage.googleapis.com/v0/b/playingcardsio.appspot.com/o/08e97934-3bb0-4690-bc29-bcef0dce2525.png?alt=media&token=5ce280b9-424e-4390-bccb-7a645bc9e886,,"Did you say happy birthday to the bday person? Yes give 5, No take 5",,,Bday,1,type-500f9744-cae4-4745-bec3-8e9f08517efc
Late,https://firebasestorage.googleapis.com/v0/b/playingcardsio.appspot.com/o/69c4e728-580f-448d-995a-e736c6b3f25e.png?alt=media&token=994cd4be-42be-490c-b524-f9f63ab6a836,,You arrived late on the birthday party. Catch up and take 20,,,Bday,1,type-b4ce5510-7c44-4c3c-af4c-c68855eb0198
Older,https://firebasestorage.googleapis.com/v0/b/playingcardsio.appspot.com/o/08e97934-3bb0-4690-bc29-bcef0dce2525.png?alt=media&token=5ce280b9-424e-4390-bccb-7a645bc9e886,,,Everyone older than the bday person drink,,Bday,1,type-9fc04f7d-5067-42ef-9987-6624a3572710
Younger,https://firebasestorage.googleapis.com/v0/b/playingcardsio.appspot.com/o/69c4e728-580f-448d-995a-e736c6b3f25e.png?alt=media&token=994cd4be-42be-490c-b524-f9f63ab6a836,,,Everyone younger than the bday person drink,,Bday,1,type-56bf4dbe-2c87-49fd-b669-f27ca016cf7d
Congratulations,https://firebasestorage.googleapis.com/v0/b/playingcardsio.appspot.com/o/08e97934-3bb0-4690-bc29-bcef0dce2525.png?alt=media&token=5ce280b9-424e-4390-bccb-7a645bc9e886,Everyone takes the amount of shots the bday person has been congratulated today.,,,,Bday,1,type-d6b88e20-075d-4391-9a14-6b432f28725a
Alcoholic?,https://firebasestorage.googleapis.com/v0/b/playingcardsio.appspot.com/o/69c4e728-580f-448d-995a-e736c6b3f25e.png?alt=media&token=994cd4be-42be-490c-b524-f9f63ab6a836,"Listen, I'm not an alcoholic, alcoholics go to meetings. I'm a drunk, we go to parties. Cheers everyone take 5.",,,,Bday,1,type-7ccd66a8-712d-45d6-b4b7-7348dce50923
Cup?,https://firebasestorage.googleapis.com/v0/b/playingcardsio.appspot.com/o/08e97934-3bb0-4690-bc29-bcef0dce2525.png?alt=media&token=5ce280b9-424e-4390-bccb-7a645bc9e886,,,You lost your cup? Shame on you. Take 5 shots.,,Bday,1,type-4c0ba41e-31f5-4e7e-a051-9bd77f837b30
Belly,https://firebasestorage.googleapis.com/v0/b/playingcardsio.appspot.com/o/69c4e728-580f-448d-995a-e736c6b3f25e.png?alt=media&token=994cd4be-42be-490c-b524-f9f63ab6a836,,,Better belly burst than good liquor be lost. Take 10 shots,,Bday,1,type-f0ddc7de-c789-425f-b486-6cd9bbe3acd7
Meeting,https://firebasestorage.googleapis.com/v0/b/playingcardsio.appspot.com/o/08e97934-3bb0-4690-bc29-bcef0dce2525.png?alt=media&token=5ce280b9-424e-4390-bccb-7a645bc9e886,,,A party without alcohol is just a meeting. Give 10 shots.,,Bday,1,type-8038fc72-1ca7-49b7-bb87-2cf4c0221a2b
Crossfit,https://firebasestorage.googleapis.com/v0/b/playingcardsio.appspot.com/o/69c4e728-580f-448d-995a-e736c6b3f25e.png?alt=media&token=994cd4be-42be-490c-b524-f9f63ab6a836,,,"You say alcoholism, I say liver crossfit. Take 15 shots.",,Bday,1,type-91f54a4b-64f9-4e38-9dc4-3412c352dbdc
Problem,https://firebasestorage.googleapis.com/v0/b/playingcardsio.appspot.com/o/08e97934-3bb0-4690-bc29-bcef0dce2525.png?alt=media&token=5ce280b9-424e-4390-bccb-7a645bc9e886,,"I donâ€™t have a drinking problem, I have thirst problem. Take 25 shots.",,,Bday,1,type-7c1cdc3d-3357-4fda-991a-71cde5e25c08
Forget,https://firebasestorage.googleapis.com/v0/b/playingcardsio.appspot.com/o/69c4e728-580f-448d-995a-e736c6b3f25e.png?alt=media&token=994cd4be-42be-490c-b524-f9f63ab6a836,,DRINK TO FORGET BUT NEVER FORGET TO DRINK! TAKE 5 SHOTS,,,Bday,1,type-b87de885-0b62-48c9-bbdf-48a00ba64ae4
Share,https://firebasestorage.googleapis.com/v0/b/playingcardsio.appspot.com/o/08e97934-3bb0-4690-bc29-bcef0dce2525.png?alt=media&token=5ce280b9-424e-4390-bccb-7a645bc9e886,"Good friends make the world go round, but good drink makes the room go round. Share 20 shots over 4 people.",,,,Bday,1,type-9566d2e3-c359-4e29-af77-d15e86fb4aaf
Ice,https://firebasestorage.googleapis.com/v0/b/playingcardsio.appspot.com/o/69c4e728-580f-448d-995a-e736c6b3f25e.png?alt=media&token=994cd4be-42be-490c-b524-f9f63ab6a836,,A drink with ice? You know what roll the dice twice to be extra nice.,,,Bday,1,type-d943de1b-55d3-466d-84e7-82d58d2234a7
First,https://firebasestorage.googleapis.com/v0/b/playingcardsio.appspot.com/o/08e97934-3bb0-4690-bc29-bcef0dce2525.png?alt=media&token=5ce280b9-424e-4390-bccb-7a645bc9e886,,"You're the first one at the party, give two rolls of the dice to someone. ",,,Bday,1,type-4ff25c54-599e-437a-97c0-800e685ec02e
Bad pun,https://firebasestorage.googleapis.com/v0/b/playingcardsio.appspot.com/o/69c4e728-580f-448d-995a-e736c6b3f25e.png?alt=media&token=994cd4be-42be-490c-b524-f9f63ab6a836,,You made a bad pun roll the dice whatever it lands on x3 (except the dp of course),,,Bday,2,type-5cc07890-8f53-4ad3-a677-3994d67f1f6e
Bitch dun got yeeted,https://firebasestorage.googleapis.com/v0/b/playingcardsio.appspot.com/o/08e97934-3bb0-4690-bc29-bcef0dce2525.png?alt=media&token=5ce280b9-424e-4390-bccb-7a645bc9e886,"Congrats, Spliff has 360 grand slammed ya nan. Roll the wheel for how many steps that bitch dun got yeeted .",,,,Spliff,1,type-060ed986-3c65-4e6e-9b8d-45852c7c4a05
Adolf Spliffler,https://firebasestorage.googleapis.com/v0/b/playingcardsio.appspot.com/o/69c4e728-580f-448d-995a-e736c6b3f25e.png?alt=media&token=994cd4be-42be-490c-b524-f9f63ab6a836,,,"Oh no, adolf Spliffler has gassed your house, finish your drink.",,Spliff,1,type-c43adee4-f0fd-40af-aadc-a9b65e1f74e0
Location known,https://firebasestorage.googleapis.com/v0/b/playingcardsio.appspot.com/o/08e97934-3bb0-4690-bc29-bcef0dce2525.png?alt=media&token=5ce280b9-424e-4390-bccb-7a645bc9e886,,,,"Spliff found where you live, take a dirty pint.",Spliff,1,type-6c8346b1-2aa7-4f45-acb0-f5d21231e0d3
KFC = Bad,https://firebasestorage.googleapis.com/v0/b/playingcardsio.appspot.com/o/69c4e728-580f-448d-995a-e736c6b3f25e.png?alt=media&token=994cd4be-42be-490c-b524-f9f63ab6a836,,,"Spliff heard ya talkin shit about KFC, take 20 shots.",,Spliff,1,type-f215f2fc-70a6-45ee-9f7e-1da75850173d
Woman,https://firebasestorage.googleapis.com/v0/b/playingcardsio.appspot.com/o/08e97934-3bb0-4690-bc29-bcef0dce2525.png?alt=media&token=5ce280b9-424e-4390-bccb-7a645bc9e886,,,"You got caught being a fucking woman, spin the wheel twice.",,Spliff,1,type-cf341a76-1414-40d6-a4de-fc7f016c0ea1
Feminist puncher,https://firebasestorage.googleapis.com/v0/b/playingcardsio.appspot.com/o/69c4e728-580f-448d-995a-e736c6b3f25e.png?alt=media&token=994cd4be-42be-490c-b524-f9f63ab6a836,,,"Wow you punched a feminist, give 20 shots",,Spliff,1,type-69919da3-ccd1-4055-b434-d7a93b0776ac
Get nanned,https://firebasestorage.googleapis.com/v0/b/playingcardsio.appspot.com/o/08e97934-3bb0-4690-bc29-bcef0dce2525.png?alt=media&token=5ce280b9-424e-4390-bccb-7a645bc9e886,,,"It's weird, Spliff nanned your dog take 10 shots",,Spliff,1,type-78275b48-0428-499f-bca0-14271ed04deb
For Honor,https://firebasestorage.googleapis.com/v0/b/playingcardsio.appspot.com/o/69c4e728-580f-448d-995a-e736c6b3f25e.png?alt=media&token=994cd4be-42be-490c-b524-f9f63ab6a836,"You challenged Spliff to 1-V-1 For Honor and smashed your monitor, take a dirty pint.",,,,Spliff,1,type-aa559fd1-4ed1-4fbe-8af6-48ba9d1c5d4b
Defenestrated,https://firebasestorage.googleapis.com/v0/b/playingcardsio.appspot.com/o/08e97934-3bb0-4690-bc29-bcef0dce2525.png?alt=media&token=5ce280b9-424e-4390-bccb-7a645bc9e886,,,"Spliff defenestrated your first born, give 20 shots.",,Spliff,1,type-ab838d3e-35d4-465d-8f46-089ac77d23ea
Spelling,https://firebasestorage.googleapis.com/v0/b/playingcardsio.appspot.com/o/69c4e728-580f-448d-995a-e736c6b3f25e.png?alt=media&token=994cd4be-42be-490c-b524-f9f63ab6a836,"Spliff's niece told to spell out retard but she ended up spelling (your name), take 20 shots.",,,,Spliff,1,type-44d4bd62-747e-4c80-a95d-d36c53ffc01f
Headset,https://firebasestorage.googleapis.com/v0/b/playingcardsio.appspot.com/o/08e97934-3bb0-4690-bc29-bcef0dce2525.png?alt=media&token=5ce280b9-424e-4390-bccb-7a645bc9e886,,"Congrats, spliff just broke a headset shouting at ya woman ass, give 20.",,,Spliff,1,type-699a24be-3312-45f2-b620-ab7319391184
Pillaged your village,https://firebasestorage.googleapis.com/v0/b/playingcardsio.appspot.com/o/69c4e728-580f-448d-995a-e736c6b3f25e.png?alt=media&token=994cd4be-42be-490c-b524-f9f63ab6a836,,"Spliff has pillaged your village, roll the wheel twice to save the village",,,Spliff,1,type-b94bf1f8-3b4e-445e-a999-e7bea78973a2
Vegetarian,https://firebasestorage.googleapis.com/v0/b/playingcardsio.appspot.com/o/08e97934-3bb0-4690-bc29-bcef0dce2525.png?alt=media&token=5ce280b9-424e-4390-bccb-7a645bc9e886,,"You just slapped a vegetarian with a raw steak, congrats give 10",,,Spliff,1,type-ac0b03bc-ebfe-4849-9826-6c779e5e9467
Devils domain,https://firebasestorage.googleapis.com/v0/b/playingcardsio.appspot.com/o/69c4e728-580f-448d-995a-e736c6b3f25e.png?alt=media&token=994cd4be-42be-490c-b524-f9f63ab6a836,,,"You have entered the devils domain, roll twice for goodluck.",,Spliff,1,type-7cf5ee08-1c2b-4186-b548-dd47f488f037
Chug,https://firebasestorage.googleapis.com/v0/b/playingcardsio.appspot.com/o/08e97934-3bb0-4690-bc29-bcef0dce2525.png?alt=media&token=5ce280b9-424e-4390-bccb-7a645bc9e886,,"You got caught playing drinko on easy, 10 spliff seconds now you must Chug",,,Spliff,1,type-0e85dd0d-ee3c-42ec-9b2a-b8c19cc52899
Finish your drink,https://firebasestorage.googleapis.com/v0/b/playingcardsio.appspot.com/o/69c4e728-580f-448d-995a-e736c6b3f25e.png?alt=media&token=994cd4be-42be-490c-b524-f9f63ab6a836,,,"Spliff backhanded your nan, now finish your drink.",,Spliff,1,type-36fd1a5c-7027-4d62-a74e-156fcbc655e6
Angered Mimz,https://firebasestorage.googleapis.com/v0/b/playingcardsio.appspot.com/o/08e97934-3bb0-4690-bc29-bcef0dce2525.png?alt=media&token=5ce280b9-424e-4390-bccb-7a645bc9e886,,,"You angered Mimz, Spliff makes you roll the wheel.",,Spliff,1,type-a041a901-cea1-456c-894a-c36e0c2b4315
Crispy MAD,https://firebasestorage.googleapis.com/v0/b/playingcardsio.appspot.com/o/69c4e728-580f-448d-995a-e736c6b3f25e.png?alt=media&token=994cd4be-42be-490c-b524-f9f63ab6a836,,,"Crispy got pissed off at yet another game, take 15.",,Spliff,1,type-04d026d9-1903-4a07-abdc-254f0afae3ed
KFC or McD,https://firebasestorage.googleapis.com/v0/b/playingcardsio.appspot.com/o/08e97934-3bb0-4690-bc29-bcef0dce2525.png?alt=media&token=5ce280b9-424e-4390-bccb-7a645bc9e886,,If you got KFC or McDonalds today then give 20 or take if you didn't.,,,Spliff,1,type-2ebce640-48d8-468e-aaa9-fe2dd3621b84
Ya wife,https://firebasestorage.googleapis.com/v0/b/playingcardsio.appspot.com/o/08e97934-3bb0-4690-bc29-bcef0dce2525.png?alt=media&token=5ce280b9-424e-4390-bccb-7a645bc9e886,,,"High five, ya wife has died give 2 rolls.","High five, ya wife has died give 2 rolls.",Spliff,1,type-58043fde-566c-4ac2-ae9d-b108bbf451bd
Andrasta licked,https://firebasestorage.googleapis.com/v0/b/playingcardsio.appspot.com/o/69c4e728-580f-448d-995a-e736c6b3f25e.png?alt=media&token=994cd4be-42be-490c-b524-f9f63ab6a836,,,"Andrasta just licked you, so finish your drink to forget it.",,Spliff,1,type-9ebb627a-f28b-43a7-ab26-262566b55c5e
E-creatures,https://firebasestorage.googleapis.com/v0/b/playingcardsio.appspot.com/o/08e97934-3bb0-4690-bc29-bcef0dce2525.png?alt=media&token=5ce280b9-424e-4390-bccb-7a645bc9e886,,,,All E-creatures present take 10 shots.,Spliff,1,type-0e185584-9352-4b65-b745-a193d1aeb641
All women,https://firebasestorage.googleapis.com/v0/b/playingcardsio.appspot.com/o/69c4e728-580f-448d-995a-e736c6b3f25e.png?alt=media&token=994cd4be-42be-490c-b524-f9f63ab6a836,,,"All women present take 10, that includes female models.",,Spliff,1,type-7e308553-ba2e-4be2-a036-94e549cddaf3
All men,https://firebasestorage.googleapis.com/v0/b/playingcardsio.appspot.com/o/08e97934-3bb0-4690-bc29-bcef0dce2525.png?alt=media&token=5ce280b9-424e-4390-bccb-7a645bc9e886,,,"All men give 20 shots, only male avatars and ACTUAL MEN.",,Spliff,1,type-eaed2182-4a35-4be7-86e8-1e3936628b99
Council of alcoholics have decided,https://firebasestorage.googleapis.com/v0/b/playingcardsio.appspot.com/o/69c4e728-580f-448d-995a-e736c6b3f25e.png?alt=media&token=994cd4be-42be-490c-b524-f9f63ab6a836,,"The council of alcoholics have decided youâ€™re too sober, take 20.",,,Spliff,1,type-cedd0694-454b-4278-a793-fbd47c3bcae2
Caught simpin,https://firebasestorage.googleapis.com/v0/b/playingcardsio.appspot.com/o/08e97934-3bb0-4690-bc29-bcef0dce2525.png?alt=media&token=5ce280b9-424e-4390-bccb-7a645bc9e886,,,,"Youâ€™ve been caught simpin, finish your drink.",Spliff,1,type-644a50ef-678f-4020-a916-af429e003259
Spliff shall decide,https://firebasestorage.googleapis.com/v0/b/playingcardsio.appspot.com/o/69c4e728-580f-448d-995a-e736c6b3f25e.png?alt=media&token=994cd4be-42be-490c-b524-f9f63ab6a836,,,Spliff shall decide your fate. If no spliff host decides.,,Spliff,1,type-76dc55a7-93c7-4ed0-903a-67d87701f7bd
Blessed,https://firebasestorage.googleapis.com/v0/b/playingcardsio.appspot.com/o/08e97934-3bb0-4690-bc29-bcef0dce2525.png?alt=media&token=5ce280b9-424e-4390-bccb-7a645bc9e886,,,"The devils have blessed you with a pass, give 20.",,Spliff,1,type-c4790875-8abd-4683-951f-c47a84426287
Complaint,https://firebasestorage.googleapis.com/v0/b/playingcardsio.appspot.com/o/69c4e728-580f-448d-995a-e736c6b3f25e.png?alt=media&token=994cd4be-42be-490c-b524-f9f63ab6a836,,"You created a complaint ticket about spliff in S&T, take 20.",,,Spliff,1,type-400ba601-9b22-4fa5-8f66-53f22f9bd1bd
Heaviest drinker,https://firebasestorage.googleapis.com/v0/b/playingcardsio.appspot.com/o/08e97934-3bb0-4690-bc29-bcef0dce2525.png?alt=media&token=5ce280b9-424e-4390-bccb-7a645bc9e886,,"Everyone votes on the heaviest drinker, they can give and take 20.",,,Spliff,1,type-902ae4fb-148a-4b83-a9b0-086dfa727b06
Biggest Pussy,https://firebasestorage.googleapis.com/v0/b/playingcardsio.appspot.com/o/69c4e728-580f-448d-995a-e736c6b3f25e.png?alt=media&token=994cd4be-42be-490c-b524-f9f63ab6a836,,"Everyone votes on the biggest pussy, they can give 20.",,,Spliff,1,type-215cacc8-f1da-4805-8009-41cb0b1aa822
Jehovah witness,https://firebasestorage.googleapis.com/v0/b/playingcardsio.appspot.com/o/08e97934-3bb0-4690-bc29-bcef0dce2525.png?alt=media&token=5ce280b9-424e-4390-bccb-7a645bc9e886,,"You slammed a door on a Jehovah witness, give 20.",,,Spliff,1,type-845ec639-74d7-4f51-ba6f-ad8a4c413fcb
Alcoholic Jesus,https://firebasestorage.googleapis.com/v0/b/playingcardsio.appspot.com/o/69c4e728-580f-448d-995a-e736c6b3f25e.png?alt=media&token=994cd4be-42be-490c-b524-f9f63ab6a836,,"Alcoholic Jesus has blessed you, give 20 in his honour.",,,Spliff,1,type-a44ad19c-9f19-4e16-92b0-05aa39bb00f7
Chapplebees,https://firebasestorage.googleapis.com/v0/b/playingcardsio.appspot.com/o/08e97934-3bb0-4690-bc29-bcef0dce2525.png?alt=media&token=5ce280b9-424e-4390-bccb-7a645bc9e886,,"You have been blessed by the mimz, take a double chapplebees.",,,Spliff,1,type-aca2e8fe-8d24-4ce0-8b60-302ccbe3bfcc
Ancestry,https://firebasestorage.googleapis.com/v0/b/playingcardsio.appspot.com/o/69c4e728-580f-448d-995a-e736c6b3f25e.png?alt=media&token=994cd4be-42be-490c-b524-f9f63ab6a836,,"Mimz has wiped out your entire ancestry.com tree, take 2 rolls.",,,Spliff,1,type-aeff001e-f37e-4019-acb5-e18f7f8a7aea
Bomb,https://firebasestorage.googleapis.com/v0/b/playingcardsio.appspot.com/o/08e97934-3bb0-4690-bc29-bcef0dce2525.png?alt=media&token=5ce280b9-424e-4390-bccb-7a645bc9e886,,"A dirty AF bomb has being dropped on your house, take a dirty pint.",,,Spliff,1,type-ecd4bc70-316f-4ed3-9445-b22f01b43d27
Defeated Karen,https://firebasestorage.googleapis.com/v0/b/playingcardsio.appspot.com/o/69c4e728-580f-448d-995a-e736c6b3f25e.png?alt=media&token=994cd4be-42be-490c-b524-f9f63ab6a836,,,"You have defeated a Karen, give a dirty pint.",,Spliff,1,type-039950c6-3f11-4439-a518-b65ab30ca2e6
Unleashed,https://firebasestorage.googleapis.com/v0/b/playingcardsio.appspot.com/o/08e97934-3bb0-4690-bc29-bcef0dce2525.png?alt=media&token=5ce280b9-424e-4390-bccb-7a645bc9e886,Itâ€™s TT and spliff is unleashed. Everyone fills your own drinks and then finishes them.,,,,Spliff,1,type-34ac5a64-e5d4-4b99-b951-078339e2cabc
Duck,https://firebasestorage.googleapis.com/v0/b/playingcardsio.appspot.com/o/69c4e728-580f-448d-995a-e736c6b3f25e.png?alt=media&token=994cd4be-42be-490c-b524-f9f63ab6a836,You are a duck and you have swam to the bottom. Drink your way up (finish your drinks).,,,,Spliff,1,type-2b465153-a7e9-4a4f-b912-ea64c10d57dd
Toast,https://firebasestorage.googleapis.com/v0/b/playingcardsio.appspot.com/o/08e97934-3bb0-4690-bc29-bcef0dce2525.png?alt=media&token=5ce280b9-424e-4390-bccb-7a645bc9e886,,Recite the TT toast off by heart or finish your drink.,,,Spliff,1,type-4e853d36-c58f-4677-b504-792f181c115c
Answer the question to Life,https://firebasestorage.googleapis.com/v0/b/playingcardsio.appspot.com/o/69c4e728-580f-448d-995a-e736c6b3f25e.png?alt=media&token=994cd4be-42be-490c-b524-f9f63ab6a836,"Answer the question to Life, the Universe, and Everything. If you are wrong or right, give or take the answer",,,,Spliff,0,type-41f7cf01-9117-4fe3-a5e6-b09435bda8d0
Dwarf,https://firebasestorage.googleapis.com/v0/b/playingcardsio.appspot.com/o/08e97934-3bb0-4690-bc29-bcef0dce2525.png?alt=media&token=5ce280b9-424e-4390-bccb-7a645bc9e886,,Take 5 shots for every dwarf you canâ€™t name in Thorinâ€™s company (The hobbit).,,,Spliff,1,type-95df6e80-4343-4172-953d-3c7177713d3e
Where's my liver killer,https://firebasestorage.googleapis.com/v0/b/playingcardsio.appspot.com/o/69c4e728-580f-448d-995a-e736c6b3f25e.png?alt=media&token=994cd4be-42be-490c-b524-f9f63ab6a836,"Crispy lost a liver killer, everyone must take 20 as compensation. (wheres my liver killer)",,,,Spliff,1,type-9d7dba2e-fda8-4102-ba38-ca0d99a65650
Upset,https://firebasestorage.googleapis.com/v0/b/playingcardsio.appspot.com/o/08e97934-3bb0-4690-bc29-bcef0dce2525.png?alt=media&token=5ce280b9-424e-4390-bccb-7a645bc9e886,,,"Crispy got upset at nothing yet again, take 20.",,Spliff,1,type-5b7adce7-5ba5-4246-9979-1ba5ebe181a1
Crab game,https://firebasestorage.googleapis.com/v0/b/playingcardsio.appspot.com/o/69c4e728-580f-448d-995a-e736c6b3f25e.png?alt=media&token=994cd4be-42be-490c-b524-f9f63ab6a836,,,"Crab game suicide pact, everyone takes 20.",,Spliff,1,type-0888b35d-709e-4fc2-9541-8413f10bf5f1
Andrasta threw,https://firebasestorage.googleapis.com/v0/b/playingcardsio.appspot.com/o/08e97934-3bb0-4690-bc29-bcef0dce2525.png?alt=media&token=5ce280b9-424e-4390-bccb-7a645bc9e886,,"Andrasta threw his toys out his pram again, put them back for him and give 20.",,,Spliff,1,type-c99e66a7-d8c3-471c-8252-4224cd101005
Name of God,https://firebasestorage.googleapis.com/v0/b/playingcardsio.appspot.com/o/69c4e728-580f-448d-995a-e736c6b3f25e.png?alt=media&token=994cd4be-42be-490c-b524-f9f63ab6a836,"Spell the name of god (Indiana jones the last crusade), If your can't do it take 20 shots.",,,,Spliff,1,type-38d9b46c-65bb-4b0d-a935-c86aaeb7dd47
